{
    "name": "Transform Sales Data",
    "properties": {
        "activities": [
            {
                "name": "Run Spark Transform",
                "type": "SynapseNotebook",
                "dependsOn": [],
                "policy": {
                    "timeout": "0.12:00:00",
                    "retry": 0,
                    "retryIntervalInSeconds": 30,
                    "secureOutput": false,
                    "secureInput": false
                },
                "userProperties": [],
                "typeProperties": {
                    "notebook": {
                        "referenceName": "Spark Transform",
                        "type": "NotebookReference"
                    },
                    "parameters": {
                        "new": {
                            "value": {
                                "value": "@pipeline().RunId",
                                "type": "Expression"
                            },
                            "type": "string"
                        }
                    },
                    "snapshot": true,
                    "sparkPool": {
                        "referenceName": "sparkes",
                        "type": "BigDataPoolReference"
                    },
                    "executorSize": "Small",
                    "driverSize": "Small"
                }
            }
        ],
        "annotations": [],
        "lastPublishTime": "2024-09-06T08:23:13Z"
    },
    "type": "Microsoft.Synapse/workspaces/pipelines"
}